,estimate,ci_lower,ci_upper
overall_digital_presence,0.35149027054148985,0.28594099397697526,0.4121839720408454
twitter_log,0.07503431992031917,0.0036525543774547824,0.1439374541916772
instagram_log,0.06319302348364778,-0.003250944225750438,0.12918791856872372
linkedin_log,0.38273122842107143,0.31694333342469905,0.44541554618852214
ceo_connections_log,0.242490849811561,0.17966317995914516,0.3081111180359829
ceo_connections_dummy,0.25149752660876235,0.18715536031918195,0.31651043662482703
articles_log,0.4945365260161187,0.4325879475651268,0.5534382748460672
