,mean,ci,n
Pre-Seed,0.1539137792931379,[0.06182048 0.2511836 ],369
Series A,0.15139921526357614,[-0.13279077  0.42181333],56
